{
  "description": {
    "title": "",
    "text": ""
  },
  "links_1": {
    "list_pages": false,
    "title": "",
    "list": []
  },
  "links_2": {
    "list_categories": true,
    "title": "",
    "list": []
  },
  "contacts": {
    "title": "",
    "phone_wpp": true,
    "socials": true,
    "email": false,
    "address": true
  },
  "stamps": [
    {
      "src": "/img/uploads/ssl-safe.png",
      "alt": "Secure connection"
    },
    {
      "src": "/img/uploads/images.jpg"
    }
  ],
  "payment_methods": {
    "visa": true,
    "boleto": true,
    "elo": true,
    "hipercard": true,
    "mastercard": true,
    "paypal": true,
    "hiper": false,
    "diners": false,
    "pix": true,
    "amex": true
  },
  "credits": ""
}