{
  "marketing_stripe": {
    "text": "PAGUE PELO PIX E RECEBA 5% DE DESCONTO NA SUA COMPRA!!!",
    "link": "",
    "color": "#ffffff",
    "background": "#080000"
  },
  "contacts_stripe": {
    "pages": [
      {
        "title": "SELARIA LEÔNIDAS ARTE EM COURO",
        "link": ""
      }
    ],
    "phone_wpp": false,
    "socials": false
  },
  "categories_list": {
    "featured": [
      "/coldre?COLDRES"
    ],
    "random": 20,
    "full_width": true
  },
  "desktop_megamenu": true,
  "search_input": true,
  "alphabetical_order_submenu": true,
  "full_width_submenu": true
}