{
  "meta_title": "",
  "meta_description": "",
  "sections": [
    {
      "type": "banner-slider",
      "autoplay": 9000,
      "full_width": true,
      "slides": [
        {
          "img": "/img/uploads/logo-nova.jpg",
          "link": "/headset",
          "alt": "Headset banner",
          "start": "2020-04-11T05:54:06.750Z",
          "end": "2020-12-31T03:00:00.000Z",
          "mobile_img": "/img/uploads/logo-nova.jpg"
        },
        {
          "start": "",
          "end": "",
          "img": "/img/uploads/logo-nova.png",
          "alt": "",
          "mobile_img": "/img/uploads/logo-pequena-mobile-nova.jpg"
        }
      ]
    },
    {
      "type": "info-bar",
      "enabled": true
    },
    {
      "type": "collection-shelf",
      "shuffle": true,
      "collection_id": "61c223ce0c7c727225da85c8:categories:COLDRES:/coldre",
      "sort": "lowest_price",
      "title": "",
      "headless": false,
      "limit": 24,
      "page": 1
    },
    {
      "type": "page-title",
      "title": "",
      "description": ""
    },
    {
      "type": "banner-slider",
      "autoplay": 9000,
      "full_width": false
    },
    {
      "type": "banners-grid",
      "banners": [
        {
          "img": "/img/uploads/y.jpg",
          "mobile_img": "/img/uploads/y.jpg"
        }
      ]
    },
    {
      "type": "dynamic-showcase",
      "load_more": true,
      "sort": "sales"
    },
    {
      "type": "banner-slider",
      "autoplay": 9000,
      "full_width": false
    }
  ]
}