{
  "sections": [
    {
      "type": "breadcrumbs",
      "enabled": true
    },
    {
      "type": "product-block",
      "enabled": true,
      "size_guide": {
        "image": "",
        "title": ""
      }
    },
    {
      "type": "product-description",
      "title": "Quem comprou este produto, também comprou:",
      "enabled": true
    },
    {
      "type": "collection-shelf",
      "shuffle": false,
      "limit": 20,
      "page": 1,
      "sort": "sales",
      "collection_id": null
    }
  ]
}